{"aliases":["html","xhtml","rss","atom","xjb","xsd","xsl","plist"],"case_insensitive":true,"contains":[{"className":"meta","begin":"<!DOCTYPE","end":">","relevance":10,"contains":[{"begin":"\\[","end":"\\]"}]},{"className":"comment","begin":"<!--","end":"-->","contains":[{"begin":"\\b(a|an|the|are|I'm|isn't|don't|doesn't|won't|but|just|should|pretty|simply|enough|gonna|going|wtf|so|such|will|you|your|they|like|more)\\b"},{"className":"doctag","begin":"(?:TODO|FIXME|NOTE|BUG|XXX):","relevance":0}],"relevance":10},{"begin":"<\\!\\[CDATA\\[","end":"\\]\\]>","relevance":10},{"className":"meta","begin":"<\\?xml","end":"\\?>","relevance":10},{"begin":"<\\?(php)?","end":"\\?>","subLanguage":"php","contains":[{"begin":"/\\*","end":"\\*/","skip":true},{"begin":"b\"","end":"\"","skip":true},{"begin":"b'","end":"'","skip":true},{"className":null,"begin":"'","end":"'","illegal":null,"contains":null,"skip":true},{"className":null,"begin":"\"","end":"\"","illegal":null,"contains":null,"skip":true}]},{"className":"tag","begin":"<style(?=\\s|>|$)","end":">","keywords":{"name":"style"},"contains":[{"endsWithParent":true,"illegal":"<","relevance":0,"contains":[{"className":"attr","begin":"[A-Za-z0-9\\._:-]+","relevance":0},{"begin":"=\\s*","relevance":0,"contains":[{"className":"string","endsParent":true,"variants":[{"begin":"\"","end":"\""},{"begin":"'","end":"'"},{"begin":"[^\\s\"'=<>`]+"}]}]}]}],"starts":{"end":"</style>","returnEnd":true,"subLanguage":["css","xml"]}},{"className":"tag","begin":"<script(?=\\s|>|$)","end":">","keywords":{"name":"script"},"contains":[{"$ref":"#contains.5.contains.0"}],"starts":{"end":"</script>","returnEnd":true,"subLanguage":["actionscript","javascript","handlebars","xml"]}},{"className":"tag","begin":"</?","end":"/?>","contains":[{"className":"name","begin":"[^\\/><\\s]+","relevance":0},{"$ref":"#contains.5.contains.0"}]}]}
